{"current":{"heading_color":"#000000","text_color":"#454545","text_light_color":"#9d9d9d","link_color":"#a17c5e","background":"#efefef","light_background":"#ffffff","product_on_sale_color":"#f94c43","button_background":"#f1a79b","button_text_color":"#000000","header_background":"#ffffff","header_heading_color":"#000000","header_light_color":"#9d9d9d","footer_background":"#ffffff","footer_heading_color":"#454545","footer_text_color":"#9d9d9d","navigation_background":"#454545","navigation_text_color":"#ffffff","newsletter_popup_background":"#454545","newsletter_popup_text_color":"#ffffff","secondary_elements_background":"#f1e4d8","secondary_elements_text_color":"#373737","heading_font":"avenir_next_n6","heading_size":"large","uppercase_heading":false,"text_font":"avenir_next_n4","base_text_font_size":15,"currency_conversion_enabled":false,"currency_conversion_round_amounts":true,"currency_conversion_supported_currencies":"USD CAD EUR GBP","currency_conversion_money_format":"money_format","show_page_transition":true,"show_button_transition":true,"show_image_zooming":true,"show_element_staggering":true,"search_mode":"product,article","product_show_price_on_hover":true,"product_show_secondary_image":false,"product_info_alignment":"center","product_image_size":"natural","product_list_horizontal_spacing":"medium","product_list_vertical_spacing":"small","cart_type":"drawer","cart_enable_notes":true,"cart_show_free_shipping_threshold":true,"cart_free_shipping_threshold":"30","share_image":"shopify:\/\/shop_images\/Water_metallic_splash.jpg","social_facebook":"https:\/\/www.facebook.com\/nereus.uk\/","social_twitter":"https:\/\/twitter.com\/Nereus_London","social_pinterest":"","social_instagram":"https:\/\/www.instagram.com\/nereuslondon\/","social_vimeo":"","social_tumblr":"","social_youtube":"","social_linkedin":"https:\/\/www.linkedin.com\/company\/nereus-london\/","social_snapchat":"","social_fancy":"","favicon":"shopify:\/\/shop_images\/nereus-favicon.png","checkout_header_image":"","checkout_logo_image":"","checkout_logo_position":"left","checkout_logo_size":"medium","checkout_body_background_image":"","checkout_body_background_color":"#ffffff","checkout_input_background_color_mode":"white","checkout_sidebar_background_image":"","checkout_sidebar_background_color":"#fafafa","checkout_heading_font":"-apple-system, BlinkMacSystemFont, 'Segoe UI', Roboto, Helvetica, Arial, sans-serif, 'Apple Color Emoji', 'Segoe UI Emoji', 'Segoe UI Symbol'","checkout_body_font":"-apple-system, BlinkMacSystemFont, 'Segoe UI', Roboto, Helvetica, Arial, sans-serif, 'Apple Color Emoji', 'Segoe UI Emoji', 'Segoe UI Symbol'","checkout_accent_color":"#a17c5e","checkout_button_color":"#454545","checkout_error_color":"#e32c2b","sections":{"sidebar-menu":{"type":"sidebar-menu","settings":{"primary_menu":"main-menu","secondary_menu":"","show_social_media":true}},"announcement":{"type":"announcement","settings":{"enable_bar":true,"home_page_only":false,"background":"#000000","text_color":"#ffffff","content":"Free Next Day Shipping orders over £30. Final Hours for Christmas Orders","link":"shopify:\/\/collections\/all"}},"header":{"type":"header","blocks":{"d1e3722e-8772-4749-b48c-38aa6a43020a":{"type":"mega_menu","settings":{"navigation_mega_menu":"Shop","push_1_heading":"Example heading","push_1_subheading":"Example sub-heading","push_1_url":"shopify:\/\/products\/allium-pendant","push_2_heading":"Example heading","push_2_subheading":"Example sub-heading","push_2_url":"shopify:\/\/collections\/eye-see-you"}}},"block_order":["d1e3722e-8772-4749-b48c-38aa6a43020a"],"settings":{"use_sticky_header":true,"logo":"shopify:\/\/shop_images\/logo4_4ff11a12-a8e1-488f-be6b-0c7113558568.png","logo_max_width":195,"mobile_logo_max_width":105,"navigation_menu":"new-menu-1","navigation_style":"center","show_icons":true,"enable_transparent_header":false,"enable_transparent_header_collection":false,"show_transparent_header_border":false,"transparent_text_color":"#000000"}},"footer":{"type":"footer","blocks":{"footer-0":{"type":"text","settings":{"title":"About the shop","content":"<p>Nereus London is a Luxury Beauty Care Brand without the plastic impact. Using only natural formulations, delivered in fully recyclable, non-black plastic and biodegradable materials.<\/p><p><\/p><p>Nereus London Ltd Company No 12171006<\/p>","show_social_media":true}},"footer-1":{"type":"links","settings":{"menu":"footer"}},"1582364797696":{"type":"links","settings":{"menu":""}},"footer-2":{"type":"newsletter","settings":{"title":"Newsletter","content":"<p>Subscribe to receive updates, access to exclusive deals, and more.<\/p>"}}},"block_order":["footer-0","footer-1","1582364797696","footer-2"],"settings":{"show_payment_methods":true}},"slideshow":{"type":"slideshow","blocks":{"slide-0":{"type":"image","settings":{"image":"shopify:\/\/shop_images\/WhatsApp_Image_2022-01-03_at_6.49.54_PM.jpg","apply_overlay":false,"content_position":"bottomRight","subheading":"Sustainable  Beauty","title":"","button_1_text":"","button_1_link":"","button_2_text":"","button_2_link":""}},"3f4f74c6-13d4-48f0-9b8c-bd3f8b7a3cbf":{"type":"image","settings":{"image":"shopify:\/\/shop_images\/WhatsApp_Image_2022-01-03_at_6.49.55_PM_1.jpg","apply_overlay":false,"content_position":"bottomLeft","subheading":"","title":"","button_1_text":"","button_1_link":"","button_2_text":"","button_2_link":""}},"c183ec6b-8bd4-47d0-acf2-8bcb470a97b5":{"type":"image","settings":{"image":"shopify:\/\/shop_images\/WhatsApp_Image_2022-01-03_at_6.49.55_PM.jpg","apply_overlay":false,"content_position":"bottomLeft","subheading":"","title":"","button_1_text":"","button_1_link":"","button_2_text":"","button_2_link":""}}},"block_order":["slide-0","3f4f74c6-13d4-48f0-9b8c-bd3f8b7a3cbf","c183ec6b-8bd4-47d0-acf2-8bcb470a97b5"],"settings":{"show_fullscreen":false,"show_arrow":true,"autoplay":true,"cycle_speed":5,"text_color":"#faf6f6","button_color":"#363636","button_background":"#faf6f6"}},"collection-template":{"type":"collection-template","settings":{"show_collection_info":true,"show_collection_image":true,"apply_overlay":true,"show_color_swatch":false,"show_vendor":false,"collection_image_size":"normal","show_sort_by":true,"show_layout_switch":true,"toolbar_position":"top","filter_position":"drawer","filter_mode":"tag","show_filter_color_swatch":false,"filter_menu":"footer","grid_items_per_page":16,"grid_mobile_items_per_row":"2","grid_desktop_items_per_row":3}},"recently-viewed-products":{"type":"recently-viewed-products","settings":{"show_section":true,"title":"Recently viewed","show_product_info":true,"show_vendor":false,"show_color_swatch":false}},"collection-footer":{"type":"collection-footer","settings":{"show_section":false,"image":"","text_color":"#ffffff","apply_overlay":true,"title":"Our story","content":"<p>Add your own custom content to explain your processes...<\/p>"}},"product-template":{"type":"product-template","settings":{"show_share_buttons":true,"show_vendor":true,"show_sku":false,"description_below_add_to_cart":false,"selector_mode":"block","show_color_swatch":false,"show_color_carousel":false,"show_quantity_selector":true,"show_inventory_quantity":false,"inventory_quantity_threshold":3,"show_price_in_button":true,"show_payment_button":true,"image_size":"fill","stack_images":true,"show_thumbnails":true,"enable_image_zoom":true,"enable_video_looping":true,"tab_page_1_handle":"","tab_page_2_handle":"returns","reviews_enabled":true,"featured_image_size":"large"}},"product-recommendations":{"type":"product-recommendations","settings":{"show_product_recommendations":true,"heading":"You may also like","show_product_info":true,"show_vendor":false,"show_color_swatch":false}},"popup":{"type":"popup","settings":{"show_popup":false,"show_only_on_index":true,"show_only_for_visitors":true,"show_only_once":true,"title":"Join us today to start experiencing Luxury without the impact","content":"<p>Subscribe today and get 10% discount, notified about future product launches, special offers and company news.<\/p>","show_newsletter":true,"apparition_delay":7}},"password-template":{"type":"password-template","settings":{"logo":"","logo_max_width":180,"mobile_logo_max_width":100,"background_image":"shopify:\/\/shop_images\/IMG_0012_ddb41d53-40b9-449e-a559-7ae94578aa8a.JPG","text_color":"#ffffff","heading":"A New Approach","show_newsletter_signup":true,"newsletter_text":"<p>LUXURY BEAUTY WITHOUT THE PLASTIC IMPACT<\/p>\n<p><\/p>\n<p>COMING SOON<\/p>\n<p><\/p>\n<p>Subscribe to get notified about product launches, special offers and company news.<\/p>","show_social_sharing":false,"social_message":"Spread the word"}},"list-collections-template":{"type":"list-collections-template","settings":{"collections_to_show":"all","image_size":"normal","add_spacing":true,"expand_collection":false,"apply_overlay":true,"text_color":"#ffffff","button_color":"#363636"}},"blog-template":{"type":"blog-template","settings":{"show_rss":false,"show_tags":false,"show_featured_article":true,"show_category":false}},"shop-now":{"type":"shop-now","settings":{"show_section":false,"title":"Shop now","collection":"","grid_items_count":6,"show_product_info":true,"show_vendor":false,"show_color_swatch":false}},"featured-collections":{"type":"featured-collections","blocks":{"1582179727956":{"type":"collection","settings":{"collection":"eye-see-you","title":"Evil eye","grid_items_count":4,"button_text":"View All"}},"1582346057940":{"type":"collection","settings":{"collection":"timeless","title":"Time less","grid_items_count":4,"button_text":"View All"}}},"block_order":["1582179727956","1582346057940"],"settings":{"title":"Our Select Range","layout_mode":"carousel","show_product_info":true,"show_vendor":false,"show_color_swatch":false,"grid_mobile_items_per_row":"2","grid_desktop_items_per_row":2}},"blog-posts":{"type":"blog-posts","blocks":{"blog-0":{"type":"blog","settings":{"blog":"news"}}},"block_order":["blog-0"],"settings":{"subheading":"","title":"LEARN MORE ABOUT PLASTIC-FREE BEAUTY","show_category":true,"button_link":"shopify:\/\/blogs\/news","button_text":"Read More"}},"page-faq-template":{"type":"page-faq-template","blocks":{"page-faq-template-0":{"type":"separator","settings":{"title":"Shipping"}},"page-faq-template-1":{"type":"question","settings":{"title":"Do you ship overseas?","answer":"<p>Yes, we ship all over the world. Shipping costs will apply, and will be added at checkout. We run discounts and promotions all year, so stay tuned for exclusive deals.<\/p>"}},"page-faq-template-2":{"type":"question","settings":{"title":"How long will it take to get my order?","answer":"<p>It depends on where you are. Orders processed here will take 1-3 business days to arrive in the UK. Overseas deliveries can take anywhere from 7-16 days. Delivery details will be provided in your confirmation email.<\/p>"}},"page-faq-template-3":{"type":"question","settings":{"title":"What shipping carriers do you use?","answer":"<p>We use all major carriers, and local courier partners. You’ll be asked to select a delivery method during checkout.<\/p>"}},"page-faq-template-5":{"type":"question","settings":{"title":"Can I return my product?","answer":"<p>We always aim for make sure our customers love our products, but if you do need to return an order, we’re happy to help. Just email us directly and we’ll take you through the process.<\/p>"}},"page-faq-template-6":{"type":"question","settings":{"title":"Can I get my product personalized?","answer":"<p>It depends on the creator and the product. All options are outlined on the product page, so look out for customization options there.<\/p>"}},"page-faq-template-4":{"type":"separator","settings":{"title":"Product"}},"b2eb5a5f-ac64-47d2-8cde-a09840e7bef2":{"type":"question","settings":{"title":"Are Nereus London products ethical and sustainable?","answer":"<p>Yes, they are. We personally visited, interviewed and vetted all of our suppliers and manufacturers, so we could make sure that their values reflected ours, and that their business practices were ethical and sustainable.<\/p>"}},"e154728a-8d99-4ef0-9c51-3fbc2f7cb554":{"type":"question","settings":{"title":"What are the bottles made from?","answer":"<p>Our bottles and caps are made from infinitely recyclable aluminium.<\/p>"}},"9f72341f-d442-4bb4-8a40-4fb1f4509dbc":{"type":"question","settings":{"title":"Are Nereus London products tested on animals?","answer":"<p>No, they’re not. We only use natural ingredients and formulations that were happily tested on ourselves, not animals. Hopefully our founders hair and skin shows the results.<\/p>"}},"5bc80461-1acd-46cf-a397-0fb69b1504e5":{"type":"question","settings":{"title":"Do Nereus London products contain sulfates?","answer":"<p>No, we do not. All the ingredients we use are natural and non-damaging to the environment.<\/p>"}},"18c35bed-e201-44fd-8002-d2d42f0be626":{"type":"question","settings":{"title":"Do Nereus London products contain parabens?","answer":"<p>No, they do not.<\/p>"}},"259eb21e-0a5b-41ba-9cfb-6ad0f1f96aa8":{"type":"question","settings":{"title":"Do Nereus London products contain silicones or SLS?","answer":"<p>No, they do not.<\/p>"}},"993a3399-b13f-4abe-9b27-51f463b4ac43":{"type":"question","settings":{"title":"Are Nereus London products vegan?","answer":"<p>Yes, they are. We check every single ingredient we use to make our products so that we can guarantee that they are plant-based only formulations.  <\/p>"}},"b1387a47-ad1c-4e2c-80c4-7ea574557893":{"type":"question","settings":{"title":"Are Nereus London products gluten-free?","answer":"<p>Yes, our products do not contain any gluten.<\/p>"}},"722f99ec-b6e6-4590-826e-d219383afa9a":{"type":"question","settings":{"title":"What makes Nereus London products different?","answer":"<p>Our products bridge the gap between sustainability and luxury in the sphere of beauty products. We have shampoo, conditioner, and body washes that not only smell wonderful and perform to an award-winning standard, but they’re also ethical, natural, and sustainable. <\/p>"}},"7a8c2922-59a5-4154-905a-dc3a0cd038e0":{"type":"question","settings":{"title":"Do Nereus London products work?","answer":"<p>Yes, they do. Our products have won multiple awards for their performance, so we’re confident that they’re great for hair and skin. <\/p>"}},"903e0a4b-0847-4256-8cd7-491bf028d9f0":{"type":"question","settings":{"title":"How do Nereus London products smell?","answer":"<p>In a word, Amazing! Our fragrances are 100% organic and natural, they are ethically sourced from sustainable farmers. Our founders spent weeks designing the fragrances with a leading essential oils supplier. This ensures that they have a fresh, organic and highest quality that you might find in a luxury spa.<\/p>"}},"e3ce544c-ef24-469e-a4c3-87cdb3b7bcbf":{"type":"question","settings":{"title":"Where do Nereus London’s essential oils come from?","answer":"<p>Our oils come from ethical sustainable farms around the world that we have personal relationship. This allows us to ensure quality and results are high. <\/p>"}},"3677e675-59cc-448f-8543-cf8d13bbd713":{"type":"question","settings":{"title":"Does Nereus London use any black plastic?","answer":"<p>No, we do not. We don’t use any plastic in our products and through our partnership with Plastic Bank, we make sure that with every bottle of Nereus London sold, 1kg of ocean-bound plastic is recovered and properly processed. <\/p>"}},"715f6ae9-3fcb-4a33-b127-b8c1b26458e2":{"type":"question","settings":{"title":"What makes Nereus London plastic-free?","answer":"<p>We do not use plastic in our packaging or containers, including the packaging used to deliver our products. We are always looking for better solutions to single use Plastic and how we can eco friendly materials. <\/p>"}},"110f3035-bfb1-4ff1-9a50-090655bd9b2a":{"type":"question","settings":{"title":"How does Nereus London’s Plastic Bank partnership work?","answer":"<p>With every bottle of Nereus London sold, Plastic Bank recovers 1kg of ocean-bound plastic and ensure that it is properly processed.For more details, feel free to visit their site - https:\/\/plasticbank.com\/<\/p>"}},"e84baae9-ec36-4e23-a2e5-e460a3534368":{"type":"question","settings":{"title":"What hair types are Nereus London’s shampoo and conditioner for?","answer":"<p>Our shampoos are suitable for all hair types. We designed our shampoo and conditioner to be for everyday use, rather than any specific hair type or treatment. However watch this space for our specialist range of Shampoos coming soon. <\/p>"}},"a036d6c2-cc57-4aea-9dbe-16bbefe09a0e":{"type":"question","settings":{"title":"Are your products natural?","answer":"<p>Yes, are formulations are made from naturally derived ingredients. The % varies from 98.5% to 90.1%. All formulations are made of over 90% naturally derived ingredients. We still need to use some synthetic materials for specific formulations, but we plan to be 100% natural in the near future. Our fragrances are 100% natural and organic.<\/p>"}},"fe778c33-51a4-4abf-8a20-1835b81f076b":{"type":"question","settings":{"title":"Are your fragrances 100% natural?","answer":"<p>Yes, our fragrances are 100% natural and organic. We also know exactly where they are sourced from and maintain a close relationship with our suppliers. Our founders also designed and selected the fragrances based on sustainable principles and quality. <\/p>"}},"13f4eac6-b751-4127-b142-16599eae2b7d":{"type":"question","settings":{"title":"Are you organic?","answer":"<p>Yes, all our essential oils are organically produced to SOIL certification standards.<\/p>"}},"2506a5c0-85bc-4c76-b960-92ef1bcd3123":{"type":"question","settings":{"title":"What makes your products premium?","answer":"<p>Nereus London’s products are expertly designed using only the finest materials for our plastic free packaging, the highest quality natural active ingredients and only the purest essential oils for our formulations. Our fragrances are truly of aLuxury Spa quality and will leave your hair, skin and bathroom smelling divine.You will see noticeable improvement to your skin and hair from using our award winning products. <\/p>"}},"57824cff-2ac5-4c51-91c2-49b1e99577b2":{"type":"question","settings":{"title":"Is Nereus London’s shampoo and conditioner safe for dyed hair?","answer":"<p>Yes, our products contain natural ingredients and will not impact dyed hair.<\/p>"}},"2852aced-c0d4-4c45-a307-1326bc787681":{"type":"question","settings":{"title":"Is your hair award winning?","answer":"<p>Yes we have been nominated and won multiple awards for our products. We are very proud of our awards as we are a new brand beating some large brands. We spent time perfecting our formulations. As we like to say, we are more than just beautiful packaging.<\/p>"}},"7c7ca9d7-90f9-45c9-823f-789dc3bcf314":{"type":"separator","settings":{"title":"Where to buy"}},"135881f8-185e-40ef-b9db-3c87b2b847bf":{"type":"question","settings":{"title":"Where can I buy Nereus London products?","answer":"<p>From our website is the best for latest deals and new arrivals. We are also stocked on the KingsRoad with The Cherry Moon. <strong>Online:<\/strong> Oxygen Boutique, Wearth London, Little GreenHeart, Modafirma, The Organic Boutique, Bazar Ethical Marketplace, Coraland Whole Sale, Creoate, Curate Beauty<\/p>"}},"page-faq-template-7":{"type":"separator","settings":{"title":"Other"}},"a540c170-52cf-45dc-84b8-d1a39f8cafa8":{"type":"question","settings":{"title":"Contact Us","answer":"<p>Tel: +44 20 3886 1377<\/p><p>Email: info@nereus.uk<\/p>"}},"page-faq-template-8":{"type":"question","settings":{"title":"Any Question? Let us know","answer":"<p>You can contact us through our contact page! We will be happy to assist you.<\/p>"}},"21515b3a-3333-462c-8371-065cae9ec96a":{"type":"separator","settings":{"title":"Become a Stockiest"}},"cd1eb5e9-b8dd-470b-ba4a-e80918338255":{"type":"question","settings":{"title":"Want to stock Nereus London?","answer":"<p>We sell whole sale to stores looking for premium sustainable hair and body care products.<\/p><p>We have a great relationship with all our stockiest. <\/p><p>Do reach out for pricing:<\/p><p>Tel: +44 20 3886 1377<\/p><p>Email: info@nereus.uk<\/p>"}}},"block_order":["page-faq-template-0","page-faq-template-1","page-faq-template-2","page-faq-template-3","page-faq-template-5","page-faq-template-6","page-faq-template-4","b2eb5a5f-ac64-47d2-8cde-a09840e7bef2","e154728a-8d99-4ef0-9c51-3fbc2f7cb554","9f72341f-d442-4bb4-8a40-4fb1f4509dbc","5bc80461-1acd-46cf-a397-0fb69b1504e5","18c35bed-e201-44fd-8002-d2d42f0be626","259eb21e-0a5b-41ba-9cfb-6ad0f1f96aa8","993a3399-b13f-4abe-9b27-51f463b4ac43","b1387a47-ad1c-4e2c-80c4-7ea574557893","722f99ec-b6e6-4590-826e-d219383afa9a","7a8c2922-59a5-4154-905a-dc3a0cd038e0","903e0a4b-0847-4256-8cd7-491bf028d9f0","e3ce544c-ef24-469e-a4c3-87cdb3b7bcbf","3677e675-59cc-448f-8543-cf8d13bbd713","715f6ae9-3fcb-4a33-b127-b8c1b26458e2","110f3035-bfb1-4ff1-9a50-090655bd9b2a","e84baae9-ec36-4e23-a2e5-e460a3534368","a036d6c2-cc57-4aea-9dbe-16bbefe09a0e","fe778c33-51a4-4abf-8a20-1835b81f076b","13f4eac6-b751-4127-b142-16599eae2b7d","2506a5c0-85bc-4c76-b960-92ef1bcd3123","57824cff-2ac5-4c51-91c2-49b1e99577b2","2852aced-c0d4-4c45-a307-1326bc787681","7c7ca9d7-90f9-45c9-823f-789dc3bcf314","135881f8-185e-40ef-b9db-3c87b2b847bf","page-faq-template-7","a540c170-52cf-45dc-84b8-d1a39f8cafa8","page-faq-template-8","21515b3a-3333-462c-8371-065cae9ec96a","cd1eb5e9-b8dd-470b-ba4a-e80918338255"],"settings":{}},"1585579185554":{"type":"text-with-image","disabled":true,"settings":{"subheading":"Learn more about","title":"The Nereus London Approach To Beauty Care","image_position":"left","content":"<p> <\/p><p><\/p>","link_text":"Explore","link_url":"shopify:\/\/pages\/the-nereus-london-approach-to-beauty-care"}},"1586175510214":{"type":"image-with-text-overlay","settings":{"section_size":"normal","image":"shopify:\/\/shop_images\/dummy_amazon.png","text_color":"#faf6f6","overlay_color":"#000000","overlay_opacity":0,"subheading":"","title":"","content":""}},"1586283320379":{"type":"featured-collections","disabled":true,"blocks":{"1586283320379-0":{"type":"collection","settings":{"collection":"gift-sets-1","title":"Luxury Hair and Body Care Gift Sets","grid_items_count":3,"button_text":"View All"}},"1600717995103":{"type":"collection","settings":{"collection":"","title":"","grid_items_count":8,"button_text":"View all products"}}},"block_order":["1586283320379-0","1600717995103"],"settings":{"title":"","layout_mode":"carousel","show_product_info":true,"show_vendor":true,"show_color_swatch":false,"grid_mobile_items_per_row":"1","grid_desktop_items_per_row":3}},"cart-template":{"type":"cart-template","settings":{"show_shipping_estimator":true,"shipping_estimator_default_country":"United States"}},"1588494731504":{"type":"instafeed","settings":{"heading_font":"montserrat_n4","heading_size":20,"feed_width":100,"html_area":"<section class=\"SectionHeader SectionHeader--center\">\n  <div class=\"Container\">\n    <h3 class=\"Section__SubHeading Heading u-h6\" style=\"margin-top: 60px\">Instagram<\/h3>\n    <h2 class=\"Section__Heading Heading u-h1\">Follow us @whitehaathidesigns\n  <\/h2>\n<\/div>\n<\/section>"}},"article-template":{"type":"article-template","settings":{"show_article_image":true,"show_date":true,"show_category":false,"show_author":true,"show_share_buttons":true}},"1599069860421":{"type":"featured-collections","blocks":{"1599069860421-0":{"type":"collection","settings":{"collection":"girl-meets-pearl","title":"Girls Meet Pearl Collection","grid_items_count":3,"button_text":"View all"}}},"block_order":["1599069860421-0"],"settings":{"title":"","layout_mode":"grid","show_product_info":true,"show_vendor":false,"show_color_swatch":false,"grid_mobile_items_per_row":"2","grid_desktop_items_per_row":3}},"1600718050419":{"type":"shop-the-look","blocks":{"1600718050419-0":{"type":"look","settings":{"image":"shopify:\/\/shop_images\/Website_image.jpg","dot_style":"light","product_1":"amour-pendant","product_1_horizontal_position":30,"product_1_vertical_position":40,"product_2":"amour-studs","product_2_horizontal_position":45,"product_2_vertical_position":65,"product_3":"amour-solitaire-ring","product_3_horizontal_position":70,"product_3_vertical_position":50}}},"block_order":["1600718050419-0"],"settings":{"subheading":"Shop","title":"LUXURY HAIR AND BODY CARE GIFT SETS","show_mobile_product_info":true}},"164069577383284d63":{"type":"hover-gallery","blocks":{"1ffd9331-5a55-417f-9cae-d7ff1fdbd4c1":{"type":"image","settings":{"hoverimage":"shopify:\/\/shop_images\/hover_banner_1.jpg","ImageUrl":"shopify:\/\/products\/adhira-necklace"}},"52cd51cd-e082-4849-8391-355c823e8f62":{"type":"image","settings":{"hoverimage":"shopify:\/\/shop_images\/Hover_2.jpg","ImageUrl":"shopify:\/\/products\/adonis-bangle-bracelet"}},"766ee3c9-a078-407c-b8d7-a870a59f0810":{"type":"image","settings":{"hoverimage":"shopify:\/\/shop_images\/hover_3.jpg","ImageUrl":"shopify:\/\/products\/amour-pendant"}},"936fe2ab-2cd3-4505-8c34-f6fd0487dd57":{"type":"image","settings":{"hoverimage":"shopify:\/\/shop_images\/Hover_4.jpg","ImageUrl":"shopify:\/\/products\/amour-studs"}}},"block_order":["1ffd9331-5a55-417f-9cae-d7ff1fdbd4c1","52cd51cd-e082-4849-8391-355c823e8f62","766ee3c9-a078-407c-b8d7-a870a59f0810","936fe2ab-2cd3-4505-8c34-f6fd0487dd57"],"settings":{"sectiontitle":"Our Best Product"}},"1640696453cdee7c6b":{"type":"home-video-section","settings":{"videotitle":"Eye's See  You.","videodescription":"Handcrafted jewellery, but make it fun! Our jewellery is meant to be experimented with be it with day looks, night ensembles or transitional outfits or occasions. Easy to style and the epitome of elegance, the jewelry adds up to all your looks and elevates style so effortlessly. Thoughtfully designed for the modern day women, we know how important it is for jewelry to stand out, and that is the core value of our creation process.","buttontitle":"Shop Now","buttonurl":"shopify:\/\/collections\/eye-see-you","videourl":"https:\/\/cdn.shopify.com\/s\/files\/1\/0577\/1293\/5121\/files\/Untitled.mp4?v=1641291967","reverse":true}},"16407989822802723f":{"type":"testimonials","blocks":{"16407989822802723f-0":{"type":"testimonial","settings":{"user_image":"shopify:\/\/shop_images\/user-male.png","quote":"<p>Share what your customers are saying about your products, your company...<\/p>"}},"16407989822802723f-1":{"type":"testimonial","settings":{"user_image":"shopify:\/\/shop_images\/user-male.png","quote":"<p>Share what your customers are saying about your products, your company...<\/p>"}},"16407989822802723f-2":{"type":"testimonial","settings":{"user_image":"shopify:\/\/shop_images\/user-male.png","quote":"<p>Share what your customers are saying about your products, your company...<\/p>"}}},"block_order":["16407989822802723f-0","16407989822802723f-1","16407989822802723f-2"],"settings":{"autoplay":true,"cycle_speed":5,"background":"#ffe8e4","text_color":"#1c1b1b"}},"164086319703de84b5":{"type":"background-video","settings":{"section_size":"large","video_url":"https:\/\/youtu.be\/xe4KJEClo3Q"}},"16408692760cc1e915":{"type":"home-video-section","settings":{"videotitle":"Sustainable Packaging","videodescription":"Hello Gorgeous, own your shine’ is what came to our mind every time we thought of customers receiving our gift of love. It is personal and we wanted to deliver that emotion through the words so that they feel what we feel about them. Designed keeping minimal ideas and clean aesthetics in mind and also the environment, our packaging does not contain any plastic and can be used to store jewelry for however long needed. It’s effective, functional and fun, just like our designs.","buttontitle":"","buttonurl":"","videourl":"https:\/\/cdn.shopify.com\/s\/files\/1\/0577\/1293\/5121\/files\/WhatsApp_Video_2021-12-30_at_7.01.50_PM.mp4?v=1640871174","reverse":false}},"164087030874ca12ed":{"type":"home-video-section","settings":{"videotitle":"Inside White Haathi","videodescription":"Our jewelry is handcrafted by local Indian artisans. The core value of brand is uplifting the tedious yet beautiful work of these artisans who were otherwise losing their jobs due to the rise of the pandemic in 2020. They are our brand’s strong pillars and the true visionaries.","buttontitle":"","buttonurl":"","videourl":"https:\/\/cdn.shopify.com\/s\/files\/1\/0577\/1293\/5121\/files\/Artisian_video.mp4?v=1641291725","reverse":true}}},"content_for_index":["slideshow","1599069860421","1640696453cdee7c6b","164069577383284d63","16408692760cc1e915","1586175510214","164087030874ca12ed","1600718050419","164086319703de84b5","featured-collections","1586283320379","16407989822802723f","1585579185554","1588494731504"]},"presets":{"Allure":{"heading_color":"#1c1b1b","text_color":"#1c1b1b","text_light_color":"#6a6a6a","link_color":"#6a6a6a","background":"#efefef","light_background":"#ffffff","product_on_sale_color":"#f94c43","button_background":"#1c1b1b","button_text_color":"#ffffff","header_background":"#ffffff","header_heading_color":"#1c1b1b","header_light_color":"#6a6a6a","footer_background":"#ffffff","footer_heading_color":"#1c1b1b","footer_text_color":"#6a6a6a","newsletter_popup_background":"#1c1b1b","newsletter_popup_text_color":"#ffffff","secondary_elements_background":"#1c1b1b","secondary_elements_text_color":"#ffffff","navigation_background":"#1c1b1b","navigation_text_color":"#ffffff","heading_font":"montserrat_n5","heading_size":"small","uppercase_heading":true,"text_font":"nunito_sans_n4","base_text_font_size":14,"currency_conversion_enabled":false,"currency_conversion_round_amounts":true,"currency_conversion_supported_currencies":"USD CAD EUR GBP","currency_conversion_money_format":"money_format","show_page_transition":true,"search_mode":"product,article","product_show_price_on_hover":false,"product_show_secondary_image":false,"product_info_alignment":"center","product_image_size":"natural","product_list_horizontal_spacing":"medium","product_list_vertical_spacing":"small","cart_type":"drawer","cart_enable_notes":true,"cart_show_free_shipping_threshold":false,"cart_free_shipping_threshold":"50","checkout_logo_position":"center","checkout_logo_size":"small","checkout_body_background_color":"#ffffff","checkout_input_background_color_mode":"white","checkout_sidebar_background_color":"#efefef","checkout_accent_color":"#1c1b1b","checkout_button_color":"#1c1b1b","sections":{"sidebar-menu":{"type":"sidebar-menu","settings":{"primary_menu":"main-menu","show_social_media":true}},"announcement":{"type":"announcement","settings":{"background":"#000000","text_color":"#ffffff","content":"Announce something here"}},"header":{"type":"header","settings":{"use_sticky_header":true,"logo_max_width":140,"navigation_menu":"main-menu","navigation_style":"inline","enable_transparent_header":true,"transparent_text_color":"#ffffff"}},"footer":{"type":"footer","blocks":{"footer-0":{"type":"text","settings":{"title":"About the shop","content":"<p>Use this text area to tell your customers about your brand and vision. You can change it in the theme settings.<\/p>","show_social_media":true}},"footer-1":{"type":"links","settings":{"menu":"footer"}},"footer-2":{"type":"newsletter","settings":{"title":"Newsletter","content":"<p>Subscribe to receive updates, access to exclusive deals, and more.<\/p>"}}},"block_order":["footer-0","footer-1","footer-2"],"settings":{"show_payment_methods":true}},"slideshow":{"type":"slideshow","blocks":{"slide-0":{"type":"image","settings":{"apply_overlay":true,"content_position":"bottomLeft","subheading":"Slide title","title":"Tell your story"}},"slide-1":{"type":"image","settings":{"apply_overlay":true,"content_position":"bottomLeft","subheading":"Slide title","title":"Tell your story"}}},"block_order":["slide-0","slide-1"],"settings":{"show_fullscreen":true,"show_arrow":false,"autoplay":true,"cycle_speed":5,"text_color":"#ffffff","button_color":"#363636"}},"featured-collections":{"type":"featured-collections","blocks":{"featured-collection-0":{"type":"collection","settings":{"grid_items_count":8,"button_text":"View all products"}}},"block_order":["featured-collection-0"],"settings":{"title":"Featured collection","layout_mode":"grid","show_product_info":true,"grid_mobile_items_per_row":"2","grid_desktop_items_per_row":4}},"collection-list":{"type":"collection-list","blocks":{"collection-0":{"type":"collection","settings":{"image_alignment":"center center","subheading":"Sub-heading","button_text":"View products","apply_overlay":true}},"collection-1":{"type":"collection","settings":{"image_alignment":"center center","subheading":"Sub-heading","button_text":"View products","apply_overlay":true}},"collection-2":{"type":"collection","settings":{"image_alignment":"center center","subheading":"Sub-heading","button_text":"View products","apply_overlay":true}}},"block_order":["collection-0","collection-1","collection-2"],"settings":{"add_spacing":true,"expand_collection":false,"text_color":"#ffffff","button_color":"#363636"}},"featured-product":{"type":"featured-product","settings":{"title":"Featured product","show_vendor":true,"show_description":true,"show_color_swatch":false,"show_color_carousel":false,"show_quantity_selector":true,"show_inventory_quantity":false,"inventory_quantity_threshold":3}},"timeline":{"type":"timeline","blocks":{"item-0":{"type":"item","settings":{"apply_overlay":true,"title":"2000","subheading":"Sub-heading","heading":"Heading","content":"<p>Add your own custom content to give more information about your store, availability details...<\/p>"}},"item-1":{"type":"item","settings":{"apply_overlay":true,"title":"2001","subheading":"Sub-heading","heading":"Heading","content":"<p>Add your own custom content to give more information about your store, availability details...<\/p>"}},"item-2":{"type":"item","settings":{"apply_overlay":true,"title":"2002","subheading":"Sub-heading","heading":"Heading","content":"<p>Add your own custom content to give more information about your store, availability details...<\/p>"}}},"block_order":["item-0","item-1","item-2"],"settings":{"text_color":"#ffffff"}},"blog-posts":{"type":"blog-posts","blocks":{"blog-0":{"type":"blog","settings":{"blog":"news"}}},"block_order":["blog-0"],"settings":{"title":"Featured article","show_category":false,"button_text":"View all articles"}},"shop-the-look":{"type":"shop-the-look","blocks":{"look-0":{"type":"look","settings":{"dot_style":"light","product_1_horizontal_position":30,"product_1_vertical_position":40,"product_2_horizontal_position":45,"product_2_vertical_position":65,"product_3_horizontal_position":70,"product_3_vertical_position":50}},"look-1":{"type":"look","settings":{"dot_style":"light","product_1_horizontal_position":25,"product_1_vertical_position":45,"product_2_horizontal_position":55,"product_2_vertical_position":30,"product_3_horizontal_position":65,"product_3_vertical_position":60}}},"block_order":["look-0","look-1"],"settings":{"subheading":"Shop","title":"Our looks"}},"collection-template":{"type":"collection-template","settings":{"show_collection_info":true,"show_collection_image":false,"show_sort_by":true,"show_layout_switch":false,"toolbar_position":"bottom","filter_position":"sidebar","filter_mode":"tag","show_filter_color_swatch":true,"grid_items_per_page":16,"grid_mobile_items_per_row":"2","grid_desktop_items_per_row":4}},"recently-viewed-products":{"type":"recently-viewed-products","settings":{"show_section":true,"title":"Recently viewed","show_product_info":true}},"collection-footer":{"type":"collection-footer","settings":{"show_section":false,"text_color":"#ffffff","apply_overlay":true,"title":"Our story","content":"<p>Add your own custom content to explain your processes...<\/p>"}},"product-template":{"type":"product-template","settings":{"show_share_buttons":true,"show_vendor":true,"show_color_swatch":false,"show_color_carousel":false,"show_quantity_selector":true,"show_inventory_quantity":false,"inventory_quantity_threshold":3,"image_size":"large","stack_images":true,"show_thumbnails":false,"enable_image_zoom":true,"reviews_enabled":false}},"product-recommendations":{"type":"product-recommendations","settings":{"show_product_recommendations":true,"show_product_info":true}}},"content_for_index":["slideshow","featured-collections","collection-list","featured-product","timeline","blog-posts","shop-the-look"]},"Couture":{"heading_color":"#5c5c5c","text_color":"#5c5c5c","text_light_color":"#939393","link_color":"#323232","background":"#ffffff","light_background":"#ffffff","product_on_sale_color":"#f94c43","button_background":"#5c5c5c","button_text_color":"#ffffff","header_background":"#ffffff","header_heading_color":"#5c5c5c","header_light_color":"#939393","footer_background":"#ffffff","footer_heading_color":"#5c5c5c","footer_text_color":"#939393","newsletter_popup_background":"#ffffff","newsletter_popup_text_color":"#1c1b1b","secondary_elements_background":"#5c5c5c","secondary_elements_text_color":"#ffffff","navigation_background":"#ffffff","navigation_text_color":"#5c5c5c","heading_font":"futura_n4","heading_size":"large","uppercase_heading":false,"text_font":"century_gothic_n4","base_text_font_size":15,"currency_conversion_enabled":false,"currency_conversion_round_amounts":true,"currency_conversion_supported_currencies":"USD CAD EUR GBP","currency_conversion_money_format":"money_format","show_page_transition":true,"search_mode":"product,article","product_show_price_on_hover":true,"product_show_secondary_image":false,"product_info_alignment":"left","product_image_size":"natural","product_list_horizontal_spacing":"small","product_list_vertical_spacing":"small","cart_type":"drawer","cart_enable_notes":true,"cart_show_free_shipping_threshold":false,"cart_free_shipping_threshold":"50","checkout_logo_position":"center","checkout_logo_size":"small","checkout_body_background_color":"#fff","checkout_input_background_color_mode":"white","checkout_sidebar_background_color":"#fafafa","checkout_accent_color":"#323232","checkout_button_color":"#5c5c5c","sections":{"sidebar-menu":{"type":"sidebar-menu","settings":{"primary_menu":"main-menu","show_social_media":true}},"announcement":{"type":"announcement","settings":{"background":"#f3f3f3","text_color":"#5c5c5c","content":"Announce something here"}},"header":{"type":"header","settings":{"use_sticky_header":true,"logo_max_width":140,"navigation_menu":"main-menu","navigation_style":"center","enable_transparent_header":true,"transparent_text_color":"#ffffff"}},"footer":{"type":"footer","blocks":{"footer-0":{"type":"text","settings":{"title":"About the shop","content":"<p>Use this text area to tell your customers about your brand and vision. You can change it in the theme settings.<\/p>","show_social_media":true}},"footer-1":{"type":"links","settings":{"menu":"footer"}},"footer-2":{"type":"newsletter","settings":{"title":"Newsletter","content":"<p>Subscribe to receive updates, access to exclusive deals, and more.<\/p>"}}},"block_order":["footer-0","footer-1","footer-2"],"settings":{"show_payment_methods":true}},"slideshow":{"type":"slideshow","blocks":{"slide-0":{"type":"image","settings":{"apply_overlay":true,"content_position":"bottomLeft","subheading":"Slide title","title":"Tell your story"}},"slide-1":{"type":"image","settings":{"apply_overlay":true,"content_position":"bottomLeft","subheading":"Slide title","title":"Tell your story"}}},"block_order":["slide-0","slide-1"],"settings":{"show_fullscreen":true,"show_arrow":false,"autoplay":true,"cycle_speed":5,"text_color":"#ffffff","button_color":"#363636"}},"featured-collections":{"type":"featured-collections","blocks":{"featured-collection-0":{"type":"collection","settings":{"grid_items_count":8,"button_text":"View all products"}}},"block_order":["featured-collection-0"],"settings":{"title":"Featured collection","layout_mode":"grid","show_product_info":true,"grid_mobile_items_per_row":"2","grid_desktop_items_per_row":4}},"collection-list":{"type":"collection-list","blocks":{"collection-0":{"type":"collection","settings":{"image_alignment":"center center","subheading":"Sub-heading","button_text":"View products","apply_overlay":true}},"collection-1":{"type":"collection","settings":{"image_alignment":"center center","subheading":"Sub-heading","button_text":"View products","apply_overlay":true}},"collection-2":{"type":"collection","settings":{"image_alignment":"center center","subheading":"Sub-heading","button_text":"View products","apply_overlay":true}}},"block_order":["collection-0","collection-1","collection-2"],"settings":{"add_spacing":true,"expand_collection":false,"text_color":"#ffffff","button_color":"#363636"}},"featured-product":{"type":"featured-product","settings":{"title":"Featured product","show_vendor":true,"show_description":true,"show_color_swatch":false,"show_color_carousel":false,"show_quantity_selector":true,"show_inventory_quantity":false,"inventory_quantity_threshold":3}},"timeline":{"type":"timeline","blocks":{"item-0":{"type":"item","settings":{"apply_overlay":true,"title":"2000","subheading":"Sub-heading","heading":"Heading","content":"<p>Add your own custom content to give more information about your store, availability details...<\/p>"}},"item-1":{"type":"item","settings":{"apply_overlay":true,"title":"2001","subheading":"Sub-heading","heading":"Heading","content":"<p>Add your own custom content to give more information about your store, availability details...<\/p>"}},"item-2":{"type":"item","settings":{"apply_overlay":true,"title":"2002","subheading":"Sub-heading","heading":"Heading","content":"<p>Add your own custom content to give more information about your store, availability details...<\/p>"}}},"block_order":["item-0","item-1","item-2"],"settings":{"text_color":"#ffffff"}},"blog-posts":{"type":"blog-posts","blocks":{"blog-0":{"type":"blog","settings":{"blog":"news"}}},"block_order":["blog-0"],"settings":{"title":"Featured article","show_category":false,"button_text":"View all articles"}},"shop-the-look":{"type":"shop-the-look","blocks":{"look-0":{"type":"look","settings":{"dot_style":"light","product_1_horizontal_position":30,"product_1_vertical_position":40,"product_2_horizontal_position":45,"product_2_vertical_position":65,"product_3_horizontal_position":70,"product_3_vertical_position":50}},"look-1":{"type":"look","settings":{"dot_style":"light","product_1_horizontal_position":25,"product_1_vertical_position":45,"product_2_horizontal_position":55,"product_2_vertical_position":30,"product_3_horizontal_position":65,"product_3_vertical_position":60}}},"block_order":["look-0","look-1"],"settings":{"subheading":"Shop","title":"Our looks"}},"collection-template":{"type":"collection-template","settings":{"show_collection_info":true,"show_collection_image":false,"show_sort_by":true,"show_layout_switch":false,"toolbar_position":"bottom","filter_position":"sidebar","filter_mode":"tag","show_filter_color_swatch":true,"grid_items_per_page":16,"grid_mobile_items_per_row":"2","grid_desktop_items_per_row":4}},"recently-viewed-products":{"type":"recently-viewed-products","settings":{"show_section":true,"title":"Recently viewed","show_product_info":true}},"collection-footer":{"type":"collection-footer","settings":{"show_section":false,"text_color":"#ffffff","apply_overlay":true,"title":"Our story","content":"<p>Add your own custom content to explain your processes...<\/p>"}},"product-template":{"type":"product-template","settings":{"show_share_buttons":true,"show_vendor":true,"show_color_swatch":false,"show_color_carousel":false,"show_quantity_selector":true,"show_inventory_quantity":false,"inventory_quantity_threshold":3,"image_size":"large","stack_images":true,"show_thumbnails":false,"enable_image_zoom":true,"reviews_enabled":false}},"product-recommendations":{"type":"product-recommendations","settings":{"show_product_recommendations":true,"show_product_info":true}}},"content_for_index":["slideshow","featured-collections","collection-list","featured-product","timeline","blog-posts","shop-the-look"]},"Vogue":{"heading_color":"#454545","text_color":"#454545","text_light_color":"#9d9d9d","link_color":"#a17c5e","background":"#ffffff","light_background":"#ffffff","product_on_sale_color":"#f94c43","button_background":"#c2a284","button_text_color":"#ffffff","header_background":"#ffffff","header_heading_color":"#454545","header_light_color":"#9d9d9d","footer_background":"#ffffff","footer_heading_color":"#454545","footer_text_color":"#9d9d9d","newsletter_popup_background":"#454545","newsletter_popup_text_color":"#ffffff","secondary_elements_background":"#f1e4d8","secondary_elements_text_color":"#373737","navigation_background":"#454545","navigation_text_color":"#ffffff","heading_font":"din_neuzeit_grotesk_n3","heading_size":"small","uppercase_heading":true,"text_font":"futura_n4","base_text_font_size":14,"currency_conversion_enabled":false,"currency_conversion_round_amounts":true,"currency_conversion_supported_currencies":"USD CAD EUR GBP","currency_conversion_money_format":"money_format","show_page_transition":true,"show_element_staggering":false,"search_mode":"product,article","product_show_price_on_hover":true,"product_show_secondary_image":false,"product_info_alignment":"center","product_image_size":"natural","product_list_horizontal_spacing":"medium","product_list_vertical_spacing":"small","cart_type":"drawer","cart_enable_notes":true,"cart_show_free_shipping_threshold":false,"cart_free_shipping_threshold":"50","checkout_logo_position":"left","checkout_logo_size":"medium","checkout_body_background_color":"#fff","checkout_input_background_color_mode":"white","checkout_sidebar_background_color":"#fafafa","checkout_accent_color":"#a17c5e","checkout_button_color":"#454545","sections":{"sidebar-menu":{"type":"sidebar-menu","settings":{"primary_menu":"main-menu","show_social_media":true}},"announcement":{"type":"announcement","settings":{"background":"#f1e4d8","text_color":"#343434","content":"Announce something here"}},"header":{"type":"header","settings":{"use_sticky_header":true,"logo_max_width":140,"navigation_menu":"main-menu","navigation_style":"inline","enable_transparent_header":true,"transparent_text_color":"#ffffff"}},"footer":{"type":"footer","blocks":{"footer-0":{"type":"text","settings":{"title":"About the shop","content":"<p>Use this text area to tell your customers about your brand and vision. You can change it in the theme settings.<\/p>","show_social_media":true}},"footer-1":{"type":"links","settings":{"menu":"footer"}},"footer-2":{"type":"newsletter","settings":{"title":"Newsletter","content":"<p>Subscribe to receive updates, access to exclusive deals, and more.<\/p>"}}},"block_order":["footer-0","footer-1","footer-2"],"settings":{"show_payment_methods":true}},"slideshow":{"type":"slideshow","blocks":{"slide-0":{"type":"image","settings":{"apply_overlay":true,"content_position":"bottomLeft","subheading":"Slide title","title":"Tell your story"}},"slide-1":{"type":"image","settings":{"apply_overlay":true,"content_position":"bottomLeft","subheading":"Slide title","title":"Tell your story"}}},"block_order":["slide-0","slide-1"],"settings":{"show_fullscreen":true,"show_arrow":false,"autoplay":true,"cycle_speed":5,"text_color":"#ffffff","button_color":"#363636"}},"featured-collections":{"type":"featured-collections","blocks":{"featured-collection-0":{"type":"collection","settings":{"grid_items_count":8,"button_text":"View all products"}}},"block_order":["featured-collection-0"],"settings":{"title":"Featured collection","layout_mode":"grid","show_product_info":true,"grid_mobile_items_per_row":"2","grid_desktop_items_per_row":4}},"collection-list":{"type":"collection-list","blocks":{"collection-0":{"type":"collection","settings":{"image_alignment":"center center","subheading":"Sub-heading","button_text":"View products","apply_overlay":true}},"collection-1":{"type":"collection","settings":{"image_alignment":"center center","subheading":"Sub-heading","button_text":"View products","apply_overlay":true}},"collection-2":{"type":"collection","settings":{"image_alignment":"center center","subheading":"Sub-heading","button_text":"View products","apply_overlay":true}}},"block_order":["collection-0","collection-1","collection-2"],"settings":{"add_spacing":true,"expand_collection":false,"text_color":"#ffffff","button_color":"#363636"}},"featured-product":{"type":"featured-product","settings":{"title":"Featured product","show_vendor":true,"show_description":true,"show_color_swatch":false,"show_color_carousel":false,"show_quantity_selector":true,"show_inventory_quantity":false,"inventory_quantity_threshold":3}},"timeline":{"type":"timeline","blocks":{"item-0":{"type":"item","settings":{"apply_overlay":true,"title":"2000","subheading":"Sub-heading","heading":"Heading","content":"<p>Add your own custom content to give more information about your store, availability details...<\/p>"}},"item-1":{"type":"item","settings":{"apply_overlay":true,"title":"2001","subheading":"Sub-heading","heading":"Heading","content":"<p>Add your own custom content to give more information about your store, availability details...<\/p>"}},"item-2":{"type":"item","settings":{"apply_overlay":true,"title":"2002","subheading":"Sub-heading","heading":"Heading","content":"<p>Add your own custom content to give more information about your store, availability details...<\/p>"}}},"block_order":["item-0","item-1","item-2"],"settings":{"text_color":"#ffffff"}},"blog-posts":{"type":"blog-posts","blocks":{"blog-0":{"type":"blog","settings":{"blog":"news"}}},"block_order":["blog-0"],"settings":{"title":"Featured article","show_category":false,"button_text":"View all articles"}},"shop-the-look":{"type":"shop-the-look","blocks":{"look-0":{"type":"look","settings":{"dot_style":"light","product_1_horizontal_position":30,"product_1_vertical_position":40,"product_2_horizontal_position":45,"product_2_vertical_position":65,"product_3_horizontal_position":70,"product_3_vertical_position":50}},"look-1":{"type":"look","settings":{"dot_style":"light","product_1_horizontal_position":25,"product_1_vertical_position":45,"product_2_horizontal_position":55,"product_2_vertical_position":30,"product_3_horizontal_position":65,"product_3_vertical_position":60}}},"block_order":["look-0","look-1"],"settings":{"subheading":"Shop","title":"Our looks"}},"collection-template":{"type":"collection-template","settings":{"show_collection_info":true,"show_collection_image":false,"show_sort_by":true,"show_layout_switch":false,"toolbar_position":"bottom","filter_position":"sidebar","filter_mode":"tag","show_filter_color_swatch":true,"grid_items_per_page":16,"grid_mobile_items_per_row":"2","grid_desktop_items_per_row":4}},"recently-viewed-products":{"type":"recently-viewed-products","settings":{"show_section":true,"title":"Recently viewed","show_product_info":true}},"collection-footer":{"type":"collection-footer","settings":{"show_section":false,"text_color":"#ffffff","apply_overlay":true,"title":"Our story","content":"<p>Add your own custom content to explain your processes...<\/p>"}},"product-template":{"type":"product-template","settings":{"show_share_buttons":true,"show_vendor":true,"show_color_swatch":false,"show_color_carousel":false,"show_quantity_selector":true,"show_inventory_quantity":false,"inventory_quantity_threshold":3,"image_size":"large","stack_images":true,"show_thumbnails":false,"enable_image_zoom":true,"reviews_enabled":false}},"product-recommendations":{"type":"product-recommendations","settings":{"show_product_recommendations":true,"show_product_info":true}}},"content_for_index":["slideshow","featured-collections","collection-list","featured-product","timeline","blog-posts","shop-the-look"]}}}